[
  {
    "id": "c5485625-459d-4b98-be2f-370312da7ceb",
    "data": [
      {
        "text": "ビットコイン",
        "alias": "currency",
        "meta": "@currency",
        "userDefined": false
      },
      {
        "text": "の価格は",
        "userDefined": false
      },
      {
        "text": "アメリカドル",
        "alias": "currency1",
        "meta": "@currency",
        "userDefined": false
      },
      {
        "text": "でいくらですか？",
        "userDefined": false
      }
    ],
    "isTemplate": false,
    "count": 0
  },
  {
    "id": "f0d46e77-6f1a-4e6d-a3b0-1bb14b798ff0",
    "data": [
      {
        "text": "ビットコイン",
        "alias": "currency",
        "meta": "@currency",
        "userDefined": false
      },
      {
        "text": "の価格はいくらですか？",
        "userDefined": false
      }
    ],
    "isTemplate": false,
    "count": 0
  },
  {
    "id": "4405c3ff-c0c8-4d55-b113-a6ad621f375b",
    "data": [
      {
        "text": "ビットコイン",
        "alias": "currency",
        "meta": "@currency",
        "userDefined": false
      },
      {
        "text": "の価格は？",
        "userDefined": false
      }
    ],
    "isTemplate": false,
    "count": 0
  },
  {
    "id": "401c0b05-b4b9-4748-8c6c-5c4aa6478633",
    "data": [
      {
        "text": "価格",
        "userDefined": false
      }
    ],
    "isTemplate": false,
    "count": 0
  }
]