[
  {
    "id": "ce94076f-1db4-4f74-b7d9-d1d346079866",
    "data": [
      {
        "text": "ビットコインの価格を",
        "userDefined": false
      },
      {
        "text": "日本円",
        "alias": "currency",
        "meta": "@currency",
        "userDefined": false
      },
      {
        "text": "で教えて",
        "userDefined": false
      }
    ],
    "isTemplate": false,
    "count": 0
  },
  {
    "id": "f94f2da9-7d17-4b4d-b1ac-b97063aabab7",
    "data": [
      {
        "text": "ビットコイン",
        "meta": "@sys.ignore",
        "userDefined": false
      },
      {
        "text": "の価格はいくらですか？",
        "userDefined": false
      }
    ],
    "isTemplate": false,
    "count": 0
  },
  {
    "id": "521cd4ea-adbf-499e-b412-eebdb190160b",
    "data": [
      {
        "text": "ビットコイン",
        "meta": "@sys.ignore",
        "userDefined": false
      },
      {
        "text": "の価格は？",
        "userDefined": false
      }
    ],
    "isTemplate": false,
    "count": 0
  },
  {
    "id": "990b8b16-d8e4-454c-8e33-5505f8ec677b",
    "data": [
      {
        "text": "価格",
        "userDefined": false
      }
    ],
    "isTemplate": false,
    "count": 0
  }
]