[
  {
    "id": "0e5b6e3f-1f51-4e59-bb24-364d868d4898",
    "data": [
      {
        "text": "抜ける",
        "userDefined": false
      }
    ],
    "isTemplate": false,
    "count": 0,
    "updated": 1514966855
  },
  {
    "id": "a7a4a263-d39d-473f-b144-147196c3db03",
    "data": [
      {
        "text": "終わる",
        "userDefined": false
      }
    ],
    "isTemplate": false,
    "count": 0,
    "updated": 1514966855
  },
  {
    "id": "68a5748f-aa71-48a3-94bd-5d92fc50e0b5",
    "data": [
      {
        "text": "やめる",
        "userDefined": false
      }
    ],
    "isTemplate": false,
    "count": 0,
    "updated": 1514966855
  },
  {
    "id": "0458567d-bd7e-44bc-925c-f22bd51edfed",
    "data": [
      {
        "text": "バイバイ",
        "userDefined": false
      }
    ],
    "isTemplate": false,
    "count": 0,
    "updated": 1514966855
  }
]