[
  {
    "id": "c3a19297-d5e8-4e3f-8386-adadb68c3c99",
    "data": [
      {
        "text": "世界中で",
        "userDefined": false
      },
      {
        "text": "ビットコイン",
        "alias": "currency",
        "meta": "@currency",
        "userDefined": false
      },
      {
        "text": "の数はいくつですか？",
        "userDefined": false
      }
    ],
    "isTemplate": false,
    "count": 0
  },
  {
    "id": "13613335-6fe4-4a21-a1ed-6c8922fa8eba",
    "data": [
      {
        "text": "総数",
        "userDefined": false
      }
    ],
    "isTemplate": false,
    "count": 0
  },
  {
    "id": "e60ab73d-3217-4f95-ac92-226ff98f8e31",
    "data": [
      {
        "text": "全ての",
        "userDefined": false
      },
      {
        "text": "ビットコイン",
        "alias": "currency",
        "meta": "@currency",
        "userDefined": false
      },
      {
        "text": "の数",
        "userDefined": false
      }
    ],
    "isTemplate": false,
    "count": 0
  },
  {
    "id": "c4534fcd-470a-4784-970d-db16b8c10d54",
    "data": [
      {
        "text": "どれくらい多いですか？",
        "userDefined": false
      }
    ],
    "isTemplate": false,
    "count": 0,
    "updated": 1514966688
  }
]