[
  {
    "id": "8c569372-ed33-4bc5-ba61-62007b3fc761",
    "data": [
      {
        "text": "世界中で",
        "userDefined": false
      },
      {
        "text": "ビットコイン",
        "meta": "@sys.ignore",
        "userDefined": false
      },
      {
        "text": "の数はいくつですか？",
        "userDefined": false
      }
    ],
    "isTemplate": false,
    "count": 0
  },
  {
    "id": "27be39b3-7957-4e85-bcb0-22783f606754",
    "data": [
      {
        "text": "総数",
        "userDefined": false
      }
    ],
    "isTemplate": false,
    "count": 0
  },
  {
    "id": "2074e96c-db74-46bb-abcd-2b78c99360ba",
    "data": [
      {
        "text": "全ての",
        "userDefined": false
      },
      {
        "text": "ビットコイン",
        "meta": "@sys.ignore",
        "userDefined": false
      },
      {
        "text": "の数",
        "userDefined": false
      }
    ],
    "isTemplate": false,
    "count": 0
  },
  {
    "id": "17f3a98e-f9cb-40e0-affb-ee0b3787b75b",
    "data": [
      {
        "text": "どれくらい多いですか？",
        "userDefined": false
      }
    ],
    "isTemplate": false,
    "count": 0,
    "updated": 1514966688
  }
]